nuc_path,raw_path
data/images/NUC_20250312153240208.png,data/images/RAW_20250312153238907.png
data/images/NUC_20250312153248413.png,data/images/RAW_20250312153247231.png
data/images/NUC_20250312153433924.png,data/images/RAW_20250312153432688.png
data/images/NUC_20250312153439895.png,data/images/RAW_20250312153438703.png
data/images/NUC_20250312153458693.png,data/images/RAW_20250312153457502.png
data/images/NUC_20250312153508036.png,data/images/RAW_20250312153506830.png
data/images/NUC_20250312153518609.png,data/images/RAW_20250312153517413.png
data/images/NUC_20250312153526416.png,data/images/RAW_20250312153525218.png
data/images/NUC_20250312153539512.png,data/images/RAW_20250312153538321.png
data/images/NUC_20250312153547286.png,data/images/RAW_20250312153546090.png
data/images/NUC_20250312153556686.png,data/images/RAW_20250312153555490.png
data/images/NUC_20250312153604204.png,data/images/RAW_20250312153603027.png
data/images/NUC_20250312153616924.png,data/images/RAW_20250312153615720.png
data/images/NUC_20250312153629983.png,data/images/RAW_20250312153628795.png
data/images/NUC_20250312153639298.png,data/images/RAW_20250312153638116.png
data/images/NUC_20250312153653715.png,data/images/RAW_20250312153652485.png
data/images/NUC_20250312153712101.png,data/images/RAW_20250312153710887.png
data/images/NUC_20250312153727104.png,data/images/RAW_20250312153725903.png
data/images/NUC_20250312153741002.png,data/images/RAW_20250312153739802.png
data/images/NUC_20250312153749012.png,data/images/RAW_20250312153747813.png
data/images/NUC_20250312153808721.png,data/images/RAW_20250312153807490.png
data/images/NUC_20250312153818720.png,data/images/RAW_20250312153817520.png
data/images/NUC_20250312153833097.png,data/images/RAW_20250312153831892.png
data/images/NUC_20250312153901298.png,data/images/RAW_20250312153900109.png
data/images/NUC_20250312153906509.png,data/images/RAW_20250312153905323.png
data/images/NUC_20250312153912202.png,data/images/RAW_20250312153911030.png
data/images/NUC_20250312153921008.png,data/images/RAW_20250312153919821.png
data/images/NUC_20250312153926313.png,data/images/RAW_20250312153925110.png
data/images/NUC_20250312153946190.png,data/images/RAW_20250312153944989.png
data/images/NUC_20250312153953190.png,data/images/RAW_20250312153951999.png
data/images/NUC_20250312153959495.png,data/images/RAW_20250312153958284.png
data/images/NUC_20250312154006705.png,data/images/RAW_20250312154005499.png
data/images/NUC_20250312154012527.png,data/images/RAW_20250312154011322.png
data/images/NUC_20250312154025897.png,data/images/RAW_20250312154024702.png
data/images/NUC_20250312154035087.png,data/images/RAW_20250312154033902.png
data/images/NUC_20250312154052303.png,data/images/RAW_20250312154051117.png
data/images/NUC_20250312154102421.png,data/images/RAW_20250312154101226.png
data/images/NUC_20250312154109978.png,data/images/RAW_20250312154108789.png
data/images/NUC_20250312154117588.png,data/images/RAW_20250312154116419.png
data/images/NUC_20250312154216113.png,data/images/RAW_20250312154214913.png
data/images/NUC_20250312154226226.png,data/images/RAW_20250312154224988.png
data/images/NUC_20250312154237491.png,data/images/RAW_20250312154236302.png
data/images/NUC_20250312154247009.png,data/images/RAW_20250312154245819.png
data/images/NUC_20250312154253420.png,data/images/RAW_20250312154252188.png
data/images/NUC_20250312154307723.png,data/images/RAW_20250312154306484.png
data/images/NUC_20250312154315095.png,data/images/RAW_20250312154313901.png
data/images/NUC_20250312154319802.png,data/images/RAW_20250312154318599.png
data/images/NUC_20250312154324209.png,data/images/RAW_20250312154323012.png
data/images/NUC_20250312154333808.png,data/images/RAW_20250312154332612.png
data/images/NUC_20250312154350700.png,data/images/RAW_20250312154349495.png
data/images/NUC_20250312154403801.png,data/images/RAW_20250312154402544.png
data/images/NUC_20250312154426300.png,data/images/RAW_20250312154425110.png
data/images/NUC_20250312154431597.png,data/images/RAW_20250312154430424.png
data/images/NUC_20250312154439692.png,data/images/RAW_20250312154438483.png
data/images/NUC_20250312154446299.png,data/images/RAW_20250312154445097.png
data/images/NUC_20250312154456106.png,data/images/RAW_20250312154454896.png
data/images/NUC_20250312154510993.png,data/images/RAW_20250312154509800.png
data/images/NUC_20250312154523297.png,data/images/RAW_20250312154522107.png
data/images/NUC_20250312154530605.png,data/images/RAW_20250312154529394.png
data/images/NUC_20250312154538402.png,data/images/RAW_20250312154537198.png
data/images/NUC_20250312154548789.png,data/images/RAW_20250312154547587.png
data/images/NUC_20250312154556598.png,data/images/RAW_20250312154555404.png
data/images/NUC_20250312154602015.png,data/images/RAW_20250312154600816.png
data/images/NUC_20250312154608504.png,data/images/RAW_20250312154607305.png
data/images/NUC_20250312154622934.png,data/images/RAW_20250312154621684.png
data/images/NUC_20250312154629101.png,data/images/RAW_20250312154627907.png
data/images/NUC_20250312154641682.png,data/images/RAW_20250312154640483.png
data/images/NUC_20250312154648498.png,data/images/RAW_20250312154647293.png
data/images/NUC_20250312154702909.png,data/images/RAW_20250312154701720.png
data/images/NUC_20250312154726492.png,data/images/RAW_20250312154725221.png
data/images/NUC_20250312154737820.png,data/images/RAW_20250312154736606.png
data/images/NUC_20250312155522595.png,data/images/RAW_20250312155521419.png
data/images/NUC_20250312155530829.png,data/images/RAW_20250312155529617.png
data/images/NUC_20250312155540080.png,data/images/RAW_20250312155538886.png
data/images/NUC_20250312155548622.png,data/images/RAW_20250312155547418.png
data/images/NUC_20250312155622098.png,data/images/RAW_20250312155620906.png
data/images/NUC_20250312155714592.png,data/images/RAW_20250312155713400.png
data/images/NUC_20250312155721616.png,data/images/RAW_20250312155720417.png
data/images/NUC_20250312155727575.png,data/images/RAW_20250312155726382.png
data/images/NUC_20250312155733395.png,data/images/RAW_20250312155732200.png
data/images/NUC_20250312155739692.png,data/images/RAW_20250312155738497.png
data/images/NUC_20250312155744985.png,data/images/RAW_20250312155743790.png
data/images/NUC_20250312155751881.png,data/images/RAW_20250312155750705.png
data/images/NUC_20250312155757110.png,data/images/RAW_20250312155755903.png
data/images/NUC_20250312155802794.png,data/images/RAW_20250312155801617.png
data/images/NUC_20250312155808688.png,data/images/RAW_20250312155807489.png
data/images/NUC_20250312155813705.png,data/images/RAW_20250312155812514.png
data/images/NUC_20250312155818485.png,data/images/RAW_20250312155817301.png
data/images/NUC_20250312155825093.png,data/images/RAW_20250312155823908.png
data/images/NUC_20250312155919390.png,data/images/RAW_20250312155918198.png
data/images/NUC_20250312155926327.png,data/images/RAW_20250312155925111.png
data/images/NUC_20250312155937383.png,data/images/RAW_20250312155936192.png
data/images/NUC_20250312155943888.png,data/images/RAW_20250312155942680.png
data/images/NUC_20250312155951687.png,data/images/RAW_20250312155950490.png
data/images/NUC_20250312160004794.png,data/images/RAW_20250312160003590.png
data/images/NUC_20250312160013276.png,data/images/RAW_20250312160012079.png
data/images/NUC_20250312160019799.png,data/images/RAW_20250312160018610.png
data/images/NUC_20250312160027813.png,data/images/RAW_20250312160026619.png
data/images/NUC_20250312160034177.png,data/images/RAW_20250312160032978.png
data/images/NUC_20250312160045099.png,data/images/RAW_20250312160043901.png
data/images/NUC_20250312160054508.png,data/images/RAW_20250312160053304.png
data/images/NUC_20250312160059509.png,data/images/RAW_20250312160058276.png
data/images/NUC_20250312160104418.png,data/images/RAW_20250312160103176.png
data/images/NUC_20250312160109313.png,data/images/RAW_20250312160108075.png
data/images/NUC_20250312160115811.png,data/images/RAW_20250312160114608.png
data/images/NUC_20250312160122810.png,data/images/RAW_20250312160121581.png
data/images/NUC_20250312160143204.png,data/images/RAW_20250312160142011.png
data/images/NUC_20250312160156109.png,data/images/RAW_20250312160154878.png
data/images/NUC_20250312160202405.png,data/images/RAW_20250312160201215.png
data/images/NUC_20250312160205713.png,data/images/RAW_20250312160204488.png
data/images/NUC_20250312160216703.png,data/images/RAW_20250312160215510.png
data/images/NUC_20250312160224500.png,data/images/RAW_20250312160223281.png
data/images/NUC_20250312160230599.png,data/images/RAW_20250312160229408.png
data/images/NUC_20250312160237019.png,data/images/RAW_20250312160235786.png
data/images/NUC_20250312160248219.png,data/images/RAW_20250312160247017.png
data/images/NUC_20250312160252397.png,data/images/RAW_20250312160251193.png
data/images/NUC_20250312160256235.png,data/images/RAW_20250312160254986.png
data/images/NUC_20250312160301595.png,data/images/RAW_20250312160300395.png
data/images/NUC_20250312160313976.png,data/images/RAW_20250312160312785.png
data/images/NUC_20250312160319786.png,data/images/RAW_20250312160318597.png
data/images/NUC_20250312160329787.png,data/images/RAW_20250312160328595.png
data/images/NUC_20250312160339505.png,data/images/RAW_20250312160338273.png
data/images/NUC_20250312160411692.png,data/images/RAW_20250312160410504.png
data/images/NUC_20250312160420089.png,data/images/RAW_20250312160418901.png
data/images/NUC_20250312160426912.png,data/images/RAW_20250312160425710.png
data/images/NUC_20250312160436380.png,data/images/RAW_20250312160435195.png
data/images/NUC_20250312160443712.png,data/images/RAW_20250312160442484.png
data/images/NUC_20250312160457089.png,data/images/RAW_20250312160455908.png
data/images/NUC_20250312160502795.png,data/images/RAW_20250312160501517.png
data/images/NUC_20250312160507691.png,data/images/RAW_20250312160506499.png
data/images/NUC_20250312160512509.png,data/images/RAW_20250312160511284.png
data/images/NUC_20250312160518092.png,data/images/RAW_20250312160516888.png
data/images/NUC_20250312160523780.png,data/images/RAW_20250312160522538.png
data/images/NUC_20250312160556200.png,data/images/RAW_20250312160555010.png
data/images/NUC_20250312160610698.png,data/images/RAW_20250312160609508.png
data/images/NUC_20250312160616606.png,data/images/RAW_20250312160615398.png
data/images/NUC_20250312160627338.png,data/images/RAW_20250312160626083.png
data/images/NUC_20250312160637135.png,data/images/RAW_20250312160635881.png
data/images/NUC_20250312160642291.png,data/images/RAW_20250312160641093.png
data/images/NUC_20250312160649501.png,data/images/RAW_20250312160648304.png
data/images/NUC_20250312160655909.png,data/images/RAW_20250312160654681.png
data/images/NUC_20250312160700802.png,data/images/RAW_20250312160659614.png
data/images/NUC_20250312160707584.png,data/images/RAW_20250312160706384.png
data/images/NUC_20250312160717821.png,data/images/RAW_20250312160716573.png
data/images/NUC_20250312161308114.png,data/images/RAW_20250312161306876.png
data/images/NUC_20250312161316605.png,data/images/RAW_20250312161315410.png
data/images/NUC_20250312161333213.png,data/images/RAW_20250312161332026.png
data/images/NUC_20250312161343090.png,data/images/RAW_20250312161341888.png
data/images/NUC_20250312161346389.png,data/images/RAW_20250312161345188.png
data/images/NUC_20250312161642198.png,data/images/RAW_20250312161641003.png
data/images/NUC_20250312161653313.png,data/images/RAW_20250312161652079.png
data/images/NUC_20250312161931737.png,data/images/RAW_20250312161930485.png
data/images/NUC_20250312161936888.png,data/images/RAW_20250312161935692.png
data/images/NUC_20250312161942113.png,data/images/RAW_20250312161940879.png
data/images/NUC_20250312161954180.png,data/images/RAW_20250312161952975.png
data/images/NUC_20250312170111397.png,data/images/RAW_20250312170110129.png
data/images/NUC_20250312170120587.png,data/images/RAW_20250312170119397.png
data/images/NUC_20250312170128292.png,data/images/RAW_20250312170127091.png
data/images/NUC_20250312170143021.png,data/images/RAW_20250312170141819.png
data/images/NUC_20250312170155401.png,data/images/RAW_20250312170154206.png
data/images/NUC_20250312170203684.png,data/images/RAW_20250312170202493.png
data/images/NUC_20250312170210496.png,data/images/RAW_20250312170209306.png
data/images/NUC_20250312170217507.png,data/images/RAW_20250312170216314.png
data/images/NUC_20250312170233731.png,data/images/RAW_20250312170232485.png
data/images/NUC_20250312170245509.png,data/images/RAW_20250312170244311.png
data/images/NUC_20250312170252395.png,data/images/RAW_20250312170251205.png
data/images/NUC_20250312170300409.png,data/images/RAW_20250312170259205.png
data/images/NUC_20250312170313590.png,data/images/RAW_20250312170312340.png
data/images/NUC_20250312170324183.png,data/images/RAW_20250312170322983.png
data/images/NUC_20250312170331730.png,data/images/RAW_20250312170330521.png
data/images/NUC_20250312170339319.png,data/images/RAW_20250312170338085.png
data/images/NUC_20250312170352185.png,data/images/RAW_20250312170350995.png
data/images/NUC_20250312170359922.png,data/images/RAW_20250312170358709.png
data/images/NUC_20250312170407795.png,data/images/RAW_20250312170406596.png
data/images/NUC_20250312170417719.png,data/images/RAW_20250312170416451.png
data/images/NUC_20250312170426124.png,data/images/RAW_20250312170424883.png
data/images/NUC_20250312170440021.png,data/images/RAW_20250312170438819.png
data/images/NUC_20250312170452611.png,data/images/RAW_20250312170451407.png
data/images/NUC_20250312170502485.png,data/images/RAW_20250312170501287.png
data/images/NUC_20250312170518613.png,data/images/RAW_20250312170517382.png
data/images/NUC_20250312170522718.png,data/images/RAW_20250312170521528.png
data/images/NUC_20250312170542109.png,data/images/RAW_20250312170540927.png
data/images/NUC_20250312170553182.png,data/images/RAW_20250312170551991.png
data/images/NUC_20250312170607923.png,data/images/RAW_20250312170606703.png
data/images/NUC_20250312170616307.png,data/images/RAW_20250312170615089.png
data/images/NUC_20250312170626205.png,data/images/RAW_20250312170625005.png
data/images/NUC_20250312170636198.png,data/images/RAW_20250312170635007.png
data/images/NUC_20250312170645002.png,data/images/RAW_20250312170643805.png
data/images/NUC_20250312170655596.png,data/images/RAW_20250312170654401.png
data/images/NUC_20250312170706314.png,data/images/RAW_20250312170705120.png
data/images/NUC_20250312170714993.png,data/images/RAW_20250312170713800.png
data/images/NUC_20250312170724995.png,data/images/RAW_20250312170723793.png
data/images/NUC_20250312170732999.png,data/images/RAW_20250312170731809.png
data/images/NUC_20250312170747495.png,data/images/RAW_20250312170746317.png
data/images/NUC_20250312170757914.png,data/images/RAW_20250312170756692.png
data/images/NUC_20250312170812109.png,data/images/RAW_20250312170810914.png
data/images/NUC_20250312170816888.png,data/images/RAW_20250312170815688.png
data/images/NUC_20250312170836410.png,data/images/RAW_20250312170835205.png
data/images/NUC_20250312170857116.png,data/images/RAW_20250312170855887.png
data/images/NUC_20250312170921407.png,data/images/RAW_20250312170920223.png
data/images/NUC_20250312170954596.png,data/images/RAW_20250312170953396.png
data/images/NUC_20250312171002316.png,data/images/RAW_20250312171001088.png
data/images/NUC_20250312171035699.png,data/images/RAW_20250312171034496.png
data/images/NUC_20250318153046445.png,data/images/RAW_20250318153045100.png
data/images/NUC_20250318153130330.png,data/images/RAW_20250318153129133.png
data/images/NUC_20250318153137155.png,data/images/RAW_20250318153135908.png
data/images/NUC_20250318153144830.png,data/images/RAW_20250318153143634.png
data/images/NUC_20250318153155552.png,data/images/RAW_20250318153154314.png
data/images/NUC_20250318153206453.png,data/images/RAW_20250318153205230.png
data/images/NUC_20250318153221109.png,data/images/RAW_20250318153219920.png
data/images/NUC_20250318153231909.png,data/images/RAW_20250318153230710.png
data/images/NUC_20250318153238519.png,data/images/RAW_20250318153237326.png
data/images/NUC_20250318153251224.png,data/images/RAW_20250318153250046.png
data/images/NUC_20250318153302142.png,data/images/RAW_20250318153300948.png
data/images/NUC_20250318153308712.png,data/images/RAW_20250318153307522.png
data/images/NUC_20250318153316640.png,data/images/RAW_20250318153315347.png
data/images/NUC_20250318153324926.png,data/images/RAW_20250318153323729.png
data/images/NUC_20250318153332530.png,data/images/RAW_20250318153331340.png
data/images/NUC_20250318153420721.png,data/images/RAW_20250318153419530.png
data/images/NUC_20250318153430118.png,data/images/RAW_20250318153428942.png
data/images/NUC_20250318153436406.png,data/images/RAW_20250318153435231.png
data/images/NUC_20250318153444538.png,data/images/RAW_20250318153443307.png
data/images/NUC_20250318153451106.png,data/images/RAW_20250318153449913.png
data/images/NUC_20250318153456725.png,data/images/RAW_20250318153455542.png
data/images/NUC_20250318153511108.png,data/images/RAW_20250318153509914.png
data/images/NUC_20250318153525211.png,data/images/RAW_20250318153524006.png
data/images/NUC_20250318153531630.png,data/images/RAW_20250318153530424.png
data/images/NUC_20250318153535119.png,data/images/RAW_20250318153533934.png
data/images/NUC_20250318153538033.png,data/images/RAW_20250318153536852.png
data/images/NUC_20250318153546433.png,data/images/RAW_20250318153545243.png
data/images/NUC_20250318153549342.png,data/images/RAW_20250318153548109.png
data/images/NUC_20250318153552130.png,data/images/RAW_20250318153550932.png
data/images/NUC_20250318153604909.png,data/images/RAW_20250318153603646.png
data/images/NUC_20250318153621325.png,data/images/RAW_20250318153620135.png
data/images/NUC_20250318153643039.png,data/images/RAW_20250318153641854.png
data/images/NUC_20250318153656142.png,data/images/RAW_20250318153654943.png
data/images/NUC_20250318153705820.png,data/images/RAW_20250318153704622.png
data/images/NUC_20250318153742221.png,data/images/RAW_20250318153740966.png
data/images/NUC_20250318153749232.png,data/images/RAW_20250318153748031.png
data/images/NUC_20250318153800219.png,data/images/RAW_20250318153759025.png
data/images/NUC_20250318153855821.png,data/images/RAW_20250318153854628.png
data/images/NUC_20250318154719603.png,data/images/RAW_20250318154718417.png
data/images/NUC_20250318154826288.png,data/images/RAW_20250318154825089.png
data/images/NUC_20250318154912089.png,data/images/RAW_20250318154910901.png
data/images/NUC_20250318154918491.png,data/images/RAW_20250318154917303.png
data/images/NUC_20250318154922614.png,data/images/RAW_20250318154921406.png
data/images/NUC_20250318154926783.png,data/images/RAW_20250318154925591.png
data/images/NUC_20250318154936382.png,data/images/RAW_20250318154935203.png
data/images/NUC_20250318154942320.png,data/images/RAW_20250318154941082.png
data/images/NUC_20250318154948880.png,data/images/RAW_20250318154947636.png
data/images/NUC_20250318154956831.png,data/images/RAW_20250318154955619.png
data/images/NUC_20250318155003192.png,data/images/RAW_20250318155002000.png
data/images/NUC_20250318155033702.png,data/images/RAW_20250318155032507.png
data/images/NUC_20250318155038714.png,data/images/RAW_20250318155037489.png
data/images/NUC_20250318155045693.png,data/images/RAW_20250318155044500.png
data/images/NUC_20250318155051178.png,data/images/RAW_20250318155049988.png
data/images/NUC_20250318155057995.png,data/images/RAW_20250318155056797.png
data/images/NUC_20250318155105288.png,data/images/RAW_20250318155104112.png
data/images/NUC_20250318155117899.png,data/images/RAW_20250318155116718.png
data/images/NUC_20250318155123284.png,data/images/RAW_20250318155122093.png
data/images/NUC_20250318155127907.png,data/images/RAW_20250318155126724.png
data/images/NUC_20250318155133285.png,data/images/RAW_20250318155132090.png
data/images/NUC_20250318155137702.png,data/images/RAW_20250318155136511.png
data/images/NUC_20250318155143518.png,data/images/RAW_20250318155142294.png
data/images/NUC_20250318155148388.png,data/images/RAW_20250318155147185.png
data/images/NUC_20250318155153393.png,data/images/RAW_20250318155152198.png
data/images/NUC_20250318155432795.png,data/images/RAW_20250318155431592.png
data/images/NUC_20250318155445496.png,data/images/RAW_20250318155444318.png
data/images/NUC_20250318155514814.png,data/images/RAW_20250318155513613.png
data/images/NUC_20250318155542225.png,data/images/RAW_20250318155540982.png
data/images/NUC_20250318155549587.png,data/images/RAW_20250318155548381.png
data/images/NUC_20250318155626386.png,data/images/RAW_20250318155625135.png
data/images/NUC_20250318155631091.png,data/images/RAW_20250318155629888.png
data/images/NUC_20250318155637300.png,data/images/RAW_20250318155636105.png
data/images/NUC_20250318155643311.png,data/images/RAW_20250318155642083.png
data/images/NUC_20250318155651004.png,data/images/RAW_20250318155649805.png
data/images/NUC_20250318155703585.png,data/images/RAW_20250318155702391.png
data/images/NUC_20250318155726682.png,data/images/RAW_20250318155725495.png
data/images/NUC_20250318155738797.png,data/images/RAW_20250318155737605.png
data/images/NUC_20250318155746006.png,data/images/RAW_20250318155744812.png
data/images/NUC_20250318155759116.png,data/images/RAW_20250318155757915.png
data/images/NUC_20250318155806087.png,data/images/RAW_20250318155804883.png
data/images/NUC_20250318155813209.png,data/images/RAW_20250318155812017.png
data/images/NUC_20250318155837700.png,data/images/RAW_20250318155836512.png
data/images/NUC_20250318155846783.png,data/images/RAW_20250318155845596.png
data/images/NUC_20250318155904593.png,data/images/RAW_20250318155903394.png
data/images/NUC_20250318155909006.png,data/images/RAW_20250318155907816.png
data/images/NUC_20250318155919205.png,data/images/RAW_20250318155918016.png
data/images/NUC_20250318160026994.png,data/images/RAW_20250318160025810.png
data/images/NUC_20250318160033096.png,data/images/RAW_20250318160031900.png
data/images/NUC_20250318160038192.png,data/images/RAW_20250318160036989.png
data/images/NUC_20250318160043286.png,data/images/RAW_20250318160042092.png
data/images/NUC_20250318160050895.png,data/images/RAW_20250318160049705.png
data/images/NUC_20250318160058579.png,data/images/RAW_20250318160057379.png
data/images/NUC_20250318160119687.png,data/images/RAW_20250318160118440.png
data/images/NUC_20250318160138887.png,data/images/RAW_20250318160137695.png
data/images/NUC_20250318160144187.png,data/images/RAW_20250318160142914.png
data/images/NUC_20250318160155810.png,data/images/RAW_20250318160154581.png
data/images/NUC_20250318160210389.png,data/images/RAW_20250318160209118.png
data/images/NUC_20250318160218592.png,data/images/RAW_20250318160217405.png
data/images/NUC_20250318160229784.png,data/images/RAW_20250318160228607.png
data/images/NUC_20250318160246888.png,data/images/RAW_20250318160245679.png
data/images/NUC_20250318160419998.png,data/images/RAW_20250318160418806.png
data/images/NUC_20250318160429799.png,data/images/RAW_20250318160428605.png
data/images/NUC_20250318160436497.png,data/images/RAW_20250318160435213.png
data/images/NUC_20250318160453498.png,data/images/RAW_20250318160452300.png
data/images/NUC_20250318160502891.png,data/images/RAW_20250318160501699.png
data/images/NUC_20250318160513016.png,data/images/RAW_20250318160511788.png
data/images/NUC_20250318160701110.png,data/images/RAW_20250318160659916.png
data/images/NUC_20250318160708404.png,data/images/RAW_20250318160707197.png
data/images/NUC_20250318160715409.png,data/images/RAW_20250318160714213.png
data/images/NUC_20250318160722187.png,data/images/RAW_20250318160720977.png
data/images/NUC_20250318160728312.png,data/images/RAW_20250318160727114.png
data/images/NUC_20250318160742417.png,data/images/RAW_20250318160741180.png
data/images/NUC_20250318160750617.png,data/images/RAW_20250318160749384.png
data/images/NUC_20250318160755475.png,data/images/RAW_20250318160754282.png
data/images/NUC_20250318160801301.png,data/images/RAW_20250318160800018.png
data/images/NUC_20250318160806586.png,data/images/RAW_20250318160805399.png
data/images/NUC_20250318160810696.png,data/images/RAW_20250318160809514.png
data/images/NUC_20250318160815389.png,data/images/RAW_20250318160814216.png
data/images/NUC_20250318160822483.png,data/images/RAW_20250318160821299.png
data/images/NUC_20250318160828212.png,data/images/RAW_20250318160826918.png
data/images/NUC_20250318160838821.png,data/images/RAW_20250318160837586.png
data/images/NUC_20250318160846381.png,data/images/RAW_20250318160845188.png
data/images/NUC_20250318161034086.png,data/images/RAW_20250318161032911.png
data/images/NUC_20250318161053119.png,data/images/RAW_20250318161051884.png
data/images/NUC_20250318161058419.png,data/images/RAW_20250318161057172.png
data/images/NUC_20250318161105800.png,data/images/RAW_20250318161104583.png
data/images/NUC_20250318161111113.png,data/images/RAW_20250318161109887.png
data/images/NUC_20250318161146093.png,data/images/RAW_20250318161144887.png
data/images/NUC_20250318161155091.png,data/images/RAW_20250318161153905.png
data/images/NUC_20250318161202301.png,data/images/RAW_20250318161201108.png
data/images/NUC_20250318161213092.png,data/images/RAW_20250318161211897.png
data/images/NUC_20250318161219716.png,data/images/RAW_20250318161218518.png
data/images/NUC_20250318161227192.png,data/images/RAW_20250318161225990.png
data/images/NUC_20250318161235189.png,data/images/RAW_20250318161234003.png
data/images/NUC_20250318161244598.png,data/images/RAW_20250318161243404.png
data/images/NUC_20250318161258690.png,data/images/RAW_20250318161257502.png
data/images/NUC_20250318161315510.png,data/images/RAW_20250318161314309.png
data/images/NUC_20250318161324389.png,data/images/RAW_20250318161323188.png
data/images/NUC_20250318161330610.png,data/images/RAW_20250318161329402.png
data/images/NUC_20250318161339002.png,data/images/RAW_20250318161337817.png
data/images/NUC_20250318161349319.png,data/images/RAW_20250318161348088.png
data/images/NUC_20250318161354193.png,data/images/RAW_20250318161352984.png
data/images/NUC_20250318161400993.png,data/images/RAW_20250318161359792.png
data/images/NUC_20250318161407605.png,data/images/RAW_20250318161406406.png
data/images/NUC_20250318161416208.png,data/images/RAW_20250318161415012.png
data/images/NUC_20250318161425000.png,data/images/RAW_20250318161423814.png
data/images/NUC_20250318161436275.png,data/images/RAW_20250318161435083.png
data/images/NUC_20250318161445399.png,data/images/RAW_20250318161444205.png
data/images/NUC_20250318161455001.png,data/images/RAW_20250318161453798.png
data/images/NUC_20250318161508785.png,data/images/RAW_20250318161507597.png
data/images/NUC_20250318161518377.png,data/images/RAW_20250318161517178.png
data/images/NUC_20250318161533911.png,data/images/RAW_20250318161532678.png
data/images/NUC_20250318161544988.png,data/images/RAW_20250318161543792.png
data/images/NUC_20250318161552593.png,data/images/RAW_20250318161551399.png
data/images/NUC_20250318161613903.png,data/images/RAW_20250318161612704.png
data/images/NUC_20250318161624378.png,data/images/RAW_20250318161623181.png
data/images/NUC_20250318161758207.png,data/images/RAW_20250318161756977.png
data/images/NUC_20250318161805986.png,data/images/RAW_20250318161804785.png
data/images/NUC_20250318161815894.png,data/images/RAW_20250318161814698.png
data/images/NUC_20250318161824097.png,data/images/RAW_20250318161822910.png
data/images/NUC_20250318161913804.png,data/images/RAW_20250318161912604.png
data/images/NUC_20250318161928494.png,data/images/RAW_20250318161927301.png
data/images/NUC_20250318161939688.png,data/images/RAW_20250318161938498.png
data/images/NUC_20250318161950283.png,data/images/RAW_20250318161949091.png
data/images/NUC_20250318162001077.png,data/images/RAW_20250318161959883.png
data/images/NUC_20250318162005308.png,data/images/RAW_20250318162004104.png
data/images/NUC_20250318162009997.png,data/images/RAW_20250318162008803.png
data/images/NUC_20250318162014705.png,data/images/RAW_20250318162013504.png
data/images/NUC_20250318162019206.png,data/images/RAW_20250318162018008.png
data/images/NUC_20250318162023786.png,data/images/RAW_20250318162022585.png
data/images/NUC_20250318162030270.png,data/images/RAW_20250318162029083.png
data/images/NUC_20250318162039595.png,data/images/RAW_20250318162038398.png
data/images/NUC_20250318162048597.png,data/images/RAW_20250318162047401.png
data/images/NUC_20250318162056080.png,data/images/RAW_20250318162054893.png
data/images/NUC_20250318162103898.png,data/images/RAW_20250318162102694.png
data/images/NUC_20250318162110701.png,data/images/RAW_20250318162109502.png
data/images/NUC_20250318162125672.png,data/images/RAW_20250318162124484.png
data/images/NUC_20250318162134197.png,data/images/RAW_20250318162133007.png
data/images/NUC_20250318162428689.png,data/images/RAW_20250318162427491.png
data/images/NUC_20250318162435909.png,data/images/RAW_20250318162434666.png
data/images/NUC_20250318162445782.png,data/images/RAW_20250318162444582.png
data/images/NUC_20250318162451077.png,data/images/RAW_20250318162449879.png
data/images/NUC_20250318162457294.png,data/images/RAW_20250318162456094.png
data/images/NUC_20250318162502384.png,data/images/RAW_20250318162501201.png
data/images/NUC_20250318162510393.png,data/images/RAW_20250318162509192.png
data/images/NUC_20250318162514972.png,data/images/RAW_20250318162513778.png
data/images/NUC_20250318162522979.png,data/images/RAW_20250318162521780.png
data/images/NUC_20250318162528671.png,data/images/RAW_20250318162527473.png
data/images/NUC_20250318162603172.png,data/images/RAW_20250318162601974.png
data/images/NUC_20250318162613087.png,data/images/RAW_20250318162611895.png
data/images/NUC_20250318162618896.png,data/images/RAW_20250318162617705.png
data/images/NUC_20250318162625275.png,data/images/RAW_20250318162624080.png
data/images/NUC_20250318162631082.png,data/images/RAW_20250318162629895.png
data/images/NUC_20250318162643397.png,data/images/RAW_20250318162642200.png
data/images/NUC_20250318162648689.png,data/images/RAW_20250318162647495.png
data/images/NUC_20250318162653196.png,data/images/RAW_20250318162651997.png
data/images/NUC_20250318162657774.png,data/images/RAW_20250318162656585.png
data/images/NUC_20250318162701879.png,data/images/RAW_20250318162700680.png
data/images/NUC_20250318162707293.png,data/images/RAW_20250318162706102.png
data/images/NUC_20250318162712587.png,data/images/RAW_20250318162711390.png
data/images/NUC_20250318162723302.png,data/images/RAW_20250318162722085.png
data/images/NUC_20250318162728679.png,data/images/RAW_20250318162727479.png
data/images/NUC_20250318162736366.png,data/images/RAW_20250318162735172.png
data/images/NUC_20250318162740474.png,data/images/RAW_20250318162739280.png
data/images/NUC_20250318162748469.png,data/images/RAW_20250318162747279.png
data/images/NUC_20250318162754289.png,data/images/RAW_20250318162753092.png
data/images/NUC_20250318162758792.png,data/images/RAW_20250318162757592.png
data/images/NUC_20250318162803772.png,data/images/RAW_20250318162802579.png
data/images/NUC_20250318162810978.png,data/images/RAW_20250318162809782.png
data/images/NUC_20250318162815879.png,data/images/RAW_20250318162814681.png
data/images/NUC_20250318162820311.png,data/images/RAW_20250318162819122.png
data/images/NUC_20250318162845790.png,data/images/RAW_20250318162844594.png
data/images/NUC_20250318162902279.png,data/images/RAW_20250318162901083.png
data/images/NUC_20250318162908770.png,data/images/RAW_20250318162907584.png
data/images/NUC_20250318162951080.png,data/images/RAW_20250318162949870.png
data/images/NUC_20250318163016283.png,data/images/RAW_20250318163015090.png
data/images/NUC_20250318163024368.png,data/images/RAW_20250318163023170.png
data/images/NUC_20250318163029272.png,data/images/RAW_20250318163028070.png
data/images/NUC_20250318163044790.png,data/images/RAW_20250318163043569.png
data/images/NUC_20250318163119291.png,data/images/RAW_20250318163118098.png
data/images/NUC_20250318163131279.png,data/images/RAW_20250318163130091.png
data/images/NUC_20250318163138167.png,data/images/RAW_20250318163136991.png
data/images/NUC_20250318163143671.png,data/images/RAW_20250318163142467.png
data/images/NUC_20250318163148487.png,data/images/RAW_20250318163147290.png
data/images/NUC_20250318163153469.png,data/images/RAW_20250318163152265.png
data/images/NUC_20250318163200872.png,data/images/RAW_20250318163159674.png
data/images/NUC_20250318163205891.png,data/images/RAW_20250318163204703.png
data/images/NUC_20250318163210675.png,data/images/RAW_20250318163209470.png
data/images/NUC_20250318163216775.png,data/images/RAW_20250318163215572.png
data/images/NUC_20250318163224173.png,data/images/RAW_20250318163222980.png
data/images/NUC_20250318163232911.png,data/images/RAW_20250318163231699.png
data/images/NUC_20250318163238475.png,data/images/RAW_20250318163237283.png
data/images/NUC_20250318163310502.png,data/images/RAW_20250318163309304.png
data/images/NUC_20250318163320371.png,data/images/RAW_20250318163319181.png
data/images/NUC_20250318163334672.png,data/images/RAW_20250318163333477.png
data/images/NUC_20250318163345585.png,data/images/RAW_20250318163344387.png
data/images/NUC_20250318163352190.png,data/images/RAW_20250318163350963.png
data/images/NUC_20250318163414077.png,data/images/RAW_20250318163412866.png
data/images/NUC_20250318163421589.png,data/images/RAW_20250318163420396.png
data/images/NUC_20250318163429199.png,data/images/RAW_20250318163428008.png
data/images/NUC_20250318163443977.png,data/images/RAW_20250318163442779.png
data/images/NUC_20250318163451179.png,data/images/RAW_20250318163449997.png
data/images/NUC_20250318163458471.png,data/images/RAW_20250318163457280.png
data/images/NUC_20250318163503892.png,data/images/RAW_20250318163502695.png
data/images/NUC_20250318163510779.png,data/images/RAW_20250318163509581.png
data/images/NUC_20250318163520773.png,data/images/RAW_20250318163519607.png
data/images/NUC_20250318163528181.png,data/images/RAW_20250318163526988.png
data/images/NUC_20250318163535869.png,data/images/RAW_20250318163534677.png
data/images/NUC_20250318163545075.png,data/images/RAW_20250318163543878.png
data/images/NUC_20250318163556983.png,data/images/RAW_20250318163555792.png
data/images/NUC_20250318163616700.png,data/images/RAW_20250318163615498.png
data/images/NUC_20250318163626099.png,data/images/RAW_20250318163624894.png
data/images/NUC_20250318163652079.png,data/images/RAW_20250318163650867.png
data/images/NUC_20250318163701468.png,data/images/RAW_20250318163700268.png
data/images/NUC_20250318163709188.png,data/images/RAW_20250318163708000.png
data/images/NUC_20250318163724168.png,data/images/RAW_20250318163722974.png
data/images/NUC_20250318163742369.png,data/images/RAW_20250318163741184.png
data/images/NUC_20250318163757588.png,data/images/RAW_20250318163756388.png
data/images/NUC_20250318163805076.png,data/images/RAW_20250318163803887.png
data/images/NUC_20250318163811964.png,data/images/RAW_20250318163810763.png
data/images/NUC_20250318163818577.png,data/images/RAW_20250318163817378.png
data/images/NUC_20250318163826579.png,data/images/RAW_20250318163825383.png
data/images/NUC_20250318163834067.png,data/images/RAW_20250318163832875.png
data/images/NUC_20250318163844866.png,data/images/RAW_20250318163843671.png
data/images/NUC_20250318163852666.png,data/images/RAW_20250318163851467.png
data/images/NUC_20250318164722285.png,data/images/RAW_20250318164721087.png
data/images/NUC_20250318164740770.png,data/images/RAW_20250318164739573.png
data/images/NUC_20250318164748373.png,data/images/RAW_20250318164747178.png
data/images/NUC_20250318164757371.png,data/images/RAW_20250318164756177.png
data/images/NUC_20250318164803071.png,data/images/RAW_20250318164801870.png
data/images/NUC_20250318164807883.png,data/images/RAW_20250318164806695.png
data/images/NUC_20250318164814773.png,data/images/RAW_20250318164813583.png
data/images/NUC_20250318164823185.png,data/images/RAW_20250318164821982.png
data/images/NUC_20250318164859201.png,data/images/RAW_20250318164858000.png
data/images/NUC_20250318164907672.png,data/images/RAW_20250318164906475.png
data/images/NUC_20250318164918183.png,data/images/RAW_20250318164916997.png
data/images/NUC_20250318164931096.png,data/images/RAW_20250318164929893.png
data/images/NUC_20250318164941564.png,data/images/RAW_20250318164940369.png
data/images/NUC_20250318164957700.png,data/images/RAW_20250318164956464.png
data/images/NUC_20250318165009086.png,data/images/RAW_20250318165007899.png
data/images/NUC_20250318165016495.png,data/images/RAW_20250318165015266.png
data/images/NUC_20250318165020679.png,data/images/RAW_20250318165019484.png
data/images/NUC_20250318165026380.png,data/images/RAW_20250318165025183.png
data/images/NUC_20250318165031272.png,data/images/RAW_20250318165030072.png
data/images/NUC_20250318165035696.png,data/images/RAW_20250318165034464.png
data/images/NUC_20250318165041073.png,data/images/RAW_20250318165039872.png
data/images/NUC_20250318165101188.png,data/images/RAW_20250318165059995.png
data/images/NUC_20250318165106885.png,data/images/RAW_20250318165105693.png
data/images/NUC_20250318165111384.png,data/images/RAW_20250318165110190.png
data/images/NUC_20250318165117796.png,data/images/RAW_20250318165116597.png
data/images/NUC_20250318165123761.png,data/images/RAW_20250318165122577.png
data/images/NUC_20250318165131774.png,data/images/RAW_20250318165130574.png
data/images/NUC_20250318165142885.png,data/images/RAW_20250318165141689.png
data/images/NUC_20250318165205196.png,data/images/RAW_20250318165204003.png
data/images/NUC_20250318165213800.png,data/images/RAW_20250318165212569.png
data/images/NUC_20250318165220166.png,data/images/RAW_20250318165218978.png
data/images/NUC_20250318165231679.png,data/images/RAW_20250318165230492.png
data/images/NUC_20250318165256970.png,data/images/RAW_20250318165255775.png
data/images/NUC_20250318165318677.png,data/images/RAW_20250318165317484.png
data/images/NUC_20250318165326965.png,data/images/RAW_20250318165325763.png
data/images/NUC_20250318165332894.png,data/images/RAW_20250318165331660.png
data/images/NUC_20250318165340186.png,data/images/RAW_20250318165338992.png
data/images/NUC_20250318165347797.png,data/images/RAW_20250318165346560.png
data/images/NUC_20250318165352774.png,data/images/RAW_20250318165351584.png
data/images/NUC_20250318165358197.png,data/images/RAW_20250318165356999.png
data/images/NUC_20250318165404879.png,data/images/RAW_20250318165403689.png
data/images/NUC_20250318165420176.png,data/images/RAW_20250318165418972.png
data/images/NUC_20250318165503672.png,data/images/RAW_20250318165502474.png
data/images/NUC_20250318165520195.png,data/images/RAW_20250318165518966.png
data/images/NUC_20250318165530280.png,data/images/RAW_20250318165529072.png
data/images/NUC_20250318165539868.png,data/images/RAW_20250318165538677.png
data/images/NUC_20250318165544293.png,data/images/RAW_20250318165543066.png
data/images/NUC_20250318165547480.png,data/images/RAW_20250318165546286.png
data/images/NUC_20250318165551979.png,data/images/RAW_20250318165550786.png
data/images/NUC_20250318165554971.png,data/images/RAW_20250318165553770.png
data/images/NUC_20250318165558196.png,data/images/RAW_20250318165556960.png
data/images/NUC_20250318165606278.png,data/images/RAW_20250318165605090.png
data/images/NUC_20250318165611384.png,data/images/RAW_20250318165610182.png
data/images/NUC_20250318165616278.png,data/images/RAW_20250318165615082.png
data/images/NUC_20250318165622970.png,data/images/RAW_20250318165621774.png
data/images/NUC_20250318165651087.png,data/images/RAW_20250318165649888.png
data/images/NUC_20250318165656063.png,data/images/RAW_20250318165654872.png
data/images/NUC_20250318165709977.png,data/images/RAW_20250318165708773.png
data/images/NUC_20250318165719365.png,data/images/RAW_20250318165718170.png
data/images/NUC_20250318165733067.png,data/images/RAW_20250318165731873.png
data/images/NUC_20250318165754490.png,data/images/RAW_20250318165753262.png
data/images/NUC_20250318165809274.png,data/images/RAW_20250318165808087.png
data/images/NUC_20250318165850063.png,data/images/RAW_20250318165848901.png
data/images/NUC_20250318165854284.png,data/images/RAW_20250318165853080.png
data/images/NUC_20250318165857278.png,data/images/RAW_20250318165856072.png
data/images/NUC_20250318165900092.png,data/images/RAW_20250318165858854.png
data/images/NUC_20250318165917982.png,data/images/RAW_20250318165916781.png
data/images/NUC_20250318165920886.png,data/images/RAW_20250318165919694.png
data/images/NUC_20250318165923787.png,data/images/RAW_20250318165922563.png
data/images/NUC_20250318165927970.png,data/images/RAW_20250318165926782.png
data/images/NUC_20250318165934384.png,data/images/RAW_20250318165933195.png
data/images/NUC_20250318165937771.png,data/images/RAW_20250318165936580.png
data/images/NUC_20250318165940478.png,data/images/RAW_20250318165939285.png
data/images/NUC_20250318165944187.png,data/images/RAW_20250318165942992.png
data/images/NUC_20250318165948891.png,data/images/RAW_20250318165947691.png
data/images/NUC_20250318165952593.png,data/images/RAW_20250318165951398.png
data/images/NUC_20250318165957569.png,data/images/RAW_20250318165956371.png
data/images/NUC_20250318170003462.png,data/images/RAW_20250318170002269.png
data/images/NUC_20250318170013462.png,data/images/RAW_20250318170012269.png
data/images/NUC_20250318170030865.png,data/images/RAW_20250318170029674.png
data/images/NUC_20250318170039186.png,data/images/RAW_20250318170037992.png
data/images/NUC_20250318170101098.png,data/images/RAW_20250318170059861.png
data/images/NUC_20250318170109860.png,data/images/RAW_20250318170108667.png
data/images/NUC_20250318170117862.png,data/images/RAW_20250318170116672.png
data/images/NUC_20250318170123878.png,data/images/RAW_20250318170122680.png
data/images/NUC_20250318170133159.png,data/images/RAW_20250318170131959.png
data/images/NUC_20250318170141761.png,data/images/RAW_20250318170140562.png
data/images/NUC_20250318170155781.png,data/images/RAW_20250318170154583.png
data/images/NUC_20250318170204470.png,data/images/RAW_20250318170203268.png
data/images/NUC_20250318170210673.png,data/images/RAW_20250318170209483.png
data/images/NUC_20250318170214657.png,data/images/RAW_20250318170213466.png
data/images/NUC_20250318170223864.png,data/images/RAW_20250318170222667.png
data/images/NUC_20250318170238085.png,data/images/RAW_20250318170236881.png
data/images/NUC_20250318170252664.png,data/images/RAW_20250318170251460.png
data/images/NUC_20250318170301379.png,data/images/RAW_20250318170300184.png
data/images/NUC_20250318170312573.png,data/images/RAW_20250318170311381.png
data/images/NUC_20250318170324764.png,data/images/RAW_20250318170323575.png
data/images/NUC_20250318170342170.png,data/images/RAW_20250318170340976.png
data/images/NUC_20250318170351090.png,data/images/RAW_20250318170349895.png
data/images/NUC_20250318170400090.png,data/images/RAW_20250318170358890.png
data/images/NUC_20250318170405187.png,data/images/RAW_20250318170403994.png
data/images/NUC_20250318170410088.png,data/images/RAW_20250318170408891.png
data/images/NUC_20250318170415986.png,data/images/RAW_20250318170414781.png
data/images/NUC_20250318170420881.png,data/images/RAW_20250318170419684.png
data/images/NUC_20250318170428965.png,data/images/RAW_20250318170427772.png
data/images/NUC_20250318170438366.png,data/images/RAW_20250318170437171.png
data/images/NUC_20250318170450476.png,data/images/RAW_20250318170449277.png
data/images/NUC_20250318170455053.png,data/images/RAW_20250318170453863.png
data/images/NUC_20250318170500469.png,data/images/RAW_20250318170459275.png
data/images/NUC_20250318170508080.png,data/images/RAW_20250318170506880.png
data/images/NUC_20250318170514491.png,data/images/RAW_20250318170513296.png
data/images/NUC_20250318170521786.png,data/images/RAW_20250318170520578.png
data/images/NUC_20250318170527591.png,data/images/RAW_20250318170526357.png
data/images/NUC_20250318170538386.png,data/images/RAW_20250318170537197.png
data/images/NUC_20250318170553958.png,data/images/RAW_20250318170552768.png
data/images/NUC_20250318170601692.png,data/images/RAW_20250318170600495.png
data/images/NUC_20250318170606588.png,data/images/RAW_20250318170605407.png
data/images/NUC_20250318170612877.png,data/images/RAW_20250318170611680.png
data/images/NUC_20250318170618178.png,data/images/RAW_20250318170616981.png
data/images/NUC_20250318170623673.png,data/images/RAW_20250318170622487.png
data/images/NUC_20250318170635268.png,data/images/RAW_20250318170634074.png
data/images/NUC_20250318170716565.png,data/images/RAW_20250318170715373.png
data/images/NUC_20250318170722981.png,data/images/RAW_20250318170721787.png
data/images/NUC_20250318170730585.png,data/images/RAW_20250318170729369.png
data/images/NUC_20250318170739594.png,data/images/RAW_20250318170738356.png
data/images/NUC_20250318170753488.png,data/images/RAW_20250318170752300.png
data/images/NUC_20250318170801054.png,data/images/RAW_20250318170759867.png
data/images/NUC_20250318170813175.png,data/images/RAW_20250318170811970.png
data/images/NUC_20250318170827661.png,data/images/RAW_20250318170826467.png
data/images/NUC_20250318170839570.png,data/images/RAW_20250318170838380.png
data/images/NUC_20250318170849566.png,data/images/RAW_20250318170848368.png
data/images/NUC_20250318170905583.png,data/images/RAW_20250318170904381.png
data/images/NUC_20250318170928878.png,data/images/RAW_20250318170927684.png
data/images/NUC_20250318170936286.png,data/images/RAW_20250318170935093.png
data/images/NUC_20250318170946881.png,data/images/RAW_20250318170945690.png
data/images/NUC_20250318170957480.png,data/images/RAW_20250318170956283.png
data/images/NUC_20250318171007795.png,data/images/RAW_20250318171006562.png
data/images/NUC_20250318171056379.png,data/images/RAW_20250318171055191.png
data/images/NUC_20250318171102561.png,data/images/RAW_20250318171101358.png
data/images/NUC_20250318171113671.png,data/images/RAW_20250318171112476.png
data/images/NUC_20250318171140162.png,data/images/RAW_20250318171138962.png
data/images/NUC_20250318171146565.png,data/images/RAW_20250318171145376.png
data/images/NUC_20250318171154178.png,data/images/RAW_20250318171152979.png
data/images/NUC_20250318171202459.png,data/images/RAW_20250318171201267.png
data/images/NUC_20250318171209471.png,data/images/RAW_20250318171208282.png
data/images/NUC_20250318171258463.png,data/images/RAW_20250318171257268.png
data/images/NUC_20250318171302879.png,data/images/RAW_20250318171301695.png
data/images/NUC_20250318171307784.png,data/images/RAW_20250318171306597.png
data/images/NUC_20250318171319054.png,data/images/RAW_20250318171317861.png
data/images/NUC_20250318171324668.png,data/images/RAW_20250318171323478.png
data/images/NUC_20250318171332079.png,data/images/RAW_20250318171330878.png
data/images/NUC_20250318171338967.png,data/images/RAW_20250318171337777.png
data/images/NUC_20250318171345779.png,data/images/RAW_20250318171344580.png
data/images/NUC_20250318171350679.png,data/images/RAW_20250318171349478.png
data/images/NUC_20250318171356658.png,data/images/RAW_20250318171355454.png
data/images/NUC_20250318171402467.png,data/images/RAW_20250318171401273.png
data/images/NUC_20250318171408282.png,data/images/RAW_20250318171407088.png
data/images/NUC_20250318171412385.png,data/images/RAW_20250318171411187.png
data/images/NUC_20250318171416890.png,data/images/RAW_20250318171415690.png
data/images/NUC_20250318171421864.png,data/images/RAW_20250318171420667.png
data/images/NUC_20250318171425365.png,data/images/RAW_20250318171424180.png
data/images/NUC_20250318171433579.png,data/images/RAW_20250318171432375.png
data/images/NUC_20250318171440783.png,data/images/RAW_20250318171439582.png
data/images/NUC_20250318171448666.png,data/images/RAW_20250318171447470.png
data/images/NUC_20250318171455955.png,data/images/RAW_20250318171454758.png
data/images/NUC_20250318171502365.png,data/images/RAW_20250318171501172.png
data/images/NUC_20250318171508666.png,data/images/RAW_20250318171507468.png
data/images/NUC_20250318171514959.png,data/images/RAW_20250318171513758.png
data/images/NUC_20250318171525267.png,data/images/RAW_20250318171524078.png
data/images/NUC_20250318171537054.png,data/images/RAW_20250318171535881.png
data/images/NUC_20250318171540086.png,data/images/RAW_20250318171538860.png
data/images/NUC_20250318171544591.png,data/images/RAW_20250318171543355.png
data/images/NUC_20250318171550876.png,data/images/RAW_20250318171549699.png
data/images/NUC_20250318171555864.png,data/images/RAW_20250318171554667.png
data/images/NUC_20250318171600364.png,data/images/RAW_20250318171559170.png
data/images/NUC_20250318171605061.png,data/images/RAW_20250318171603864.png
data/images/NUC_20250318171612187.png,data/images/RAW_20250318171610967.png
data/images/NUC_20250318171618364.png,data/images/RAW_20250318171617164.png
data/images/NUC_20250318171625181.png,data/images/RAW_20250318171623977.png
data/images/NUC_20250318171631072.png,data/images/RAW_20250318171629877.png
data/images/NUC_20250318171634778.png,data/images/RAW_20250318171633577.png
data/images/NUC_20250318171638756.png,data/images/RAW_20250318171637565.png
data/images/NUC_20250318171642979.png,data/images/RAW_20250318171641780.png
data/images/NUC_20250318171647756.png,data/images/RAW_20250318171646566.png
data/images/NUC_20250318171654885.png,data/images/RAW_20250318171653689.png
data/images/NUC_20250318171657957.png,data/images/RAW_20250318171656755.png
data/images/NUC_20250318171705371.png,data/images/RAW_20250318171704169.png
data/images/NUC_20250318171711385.png,data/images/RAW_20250318171710183.png
data/images/NUC_20250318171717351.png,data/images/RAW_20250318171716159.png
data/images/NUC_20250318171727870.png,data/images/RAW_20250318171726685.png
data/images/NUC_20250318171736070.png,data/images/RAW_20250318171734875.png
data/images/NUC_20250318171743479.png,data/images/RAW_20250318171742290.png
data/images/NUC_20250318171759889.png,data/images/RAW_20250318171758660.png
data/images/NUC_20250318171806262.png,data/images/RAW_20250318171805063.png
data/images/NUC_20250318171812351.png,data/images/RAW_20250318171811170.png
data/images/NUC_20250318171815056.png,data/images/RAW_20250318171813869.png
data/images/NUC_20250318171818968.png,data/images/RAW_20250318171817769.png
data/images/NUC_20250318171826851.png,data/images/RAW_20250318171825664.png
data/images/NUC_20250318171832754.png,data/images/RAW_20250318171831558.png
data/images/NUC_20250318171837963.png,data/images/RAW_20250318171836772.png
data/images/NUC_20250318171843461.png,data/images/RAW_20250318171842266.png
data/images/NUC_20250318171850877.png,data/images/RAW_20250318171849676.png
data/images/NUC_20250318171918081.png,data/images/RAW_20250318171916874.png
data/images/NUC_20250318171927474.png,data/images/RAW_20250318171926281.png
data/images/NUC_20250318171956552.png,data/images/RAW_20250318171955357.png
data/images/NUC_20250318172011170.png,data/images/RAW_20250318172009971.png
data/images/NUC_20250318172018773.png,data/images/RAW_20250318172017575.png
data/images/NUC_20250318172033465.png,data/images/RAW_20250318172032272.png
data/images/NUC_20250318172043583.png,data/images/RAW_20250318172042354.png
data/images/NUC_20250318172100079.png,data/images/RAW_20250318172058884.png
data/images/NUC_20250318172230017.png,data/images/RAW_20250318172228789.png
data/images/NUC_20250318172234912.png,data/images/RAW_20250318172233688.png
data/images/NUC_20250318172240032.png,data/images/RAW_20250318172238777.png
data/images/NUC_20250318172245404.png,data/images/RAW_20250318172244193.png
data/images/NUC_20250318172250490.png,data/images/RAW_20250318172249301.png
data/images/NUC_20250318172254919.png,data/images/RAW_20250318172253722.png
data/images/NUC_20250318172300096.png,data/images/RAW_20250318172258816.png
data/images/NUC_20250318172306387.png,data/images/RAW_20250318172305185.png
data/images/NUC_20250318172330875.png,data/images/RAW_20250318172329693.png
data/images/NUC_20250318172339006.png,data/images/RAW_20250318172337813.png
data/images/NUC_20250318172430784.png,data/images/RAW_20250318172429592.png
data/images/NUC_20250318172447787.png,data/images/RAW_20250318172446590.png
data/images/NUC_20250318172452602.png,data/images/RAW_20250318172451411.png
data/images/NUC_20250318172456792.png,data/images/RAW_20250318172455587.png
data/images/NUC_20250318172501012.png,data/images/RAW_20250318172459782.png
data/images/NUC_20250318172507497.png,data/images/RAW_20250318172506306.png
data/images/NUC_20250318172519887.png,data/images/RAW_20250318172518702.png
data/images/NUC_20250318172526186.png,data/images/RAW_20250318172524997.png
data/images/NUC_20250318172530883.png,data/images/RAW_20250318172529617.png
data/images/NUC_20250318172535701.png,data/images/RAW_20250318172534510.png
data/images/NUC_20250318172546496.png,data/images/RAW_20250318172545308.png
data/images/NUC_20250318172553800.png,data/images/RAW_20250318172552517.png
data/images/NUC_20250318172600719.png,data/images/RAW_20250318172559480.png
data/images/NUC_20250318172607097.png,data/images/RAW_20250318172605894.png
data/images/NUC_20250318172615891.png,data/images/RAW_20250318172614688.png
data/images/NUC_20250318172630801.png,data/images/RAW_20250318172629596.png
data/images/NUC_20250318172637000.png,data/images/RAW_20250318172635798.png
data/images/NUC_20250318172847675.png,data/images/RAW_20250318172846494.png
data/images/NUC_20250318174048131.png,data/images/RAW_20250318174046868.png
data/images/NUC_20250318174055853.png,data/images/RAW_20250318174054667.png
data/images/NUC_20250318174107574.png,data/images/RAW_20250318174106339.png
data/images/NUC_20250318174117446.png,data/images/RAW_20250318174116176.png
data/images/NUC_20250318174127834.png,data/images/RAW_20250318174126646.png
data/images/NUC_20250318174135049.png,data/images/RAW_20250318174133851.png
data/images/NUC_20250318174143578.png,data/images/RAW_20250318174142335.png
data/images/NUC_20250318174156045.png,data/images/RAW_20250318174154850.png
data/images/NUC_20250318174203252.png,data/images/RAW_20250318174202057.png
data/images/NUC_20250318174227271.png,data/images/RAW_20250318174226041.png
data/images/NUC_20250318174238461.png,data/images/RAW_20250318174237264.png
data/images/NUC_20250318174243959.png,data/images/RAW_20250318174242763.png
data/images/NUC_20250318174248453.png,data/images/RAW_20250318174247254.png
data/images/NUC_20250318174252841.png,data/images/RAW_20250318174251637.png
data/images/NUC_20250318174258336.png,data/images/RAW_20250318174257141.png
data/images/NUC_20250318174303350.png,data/images/RAW_20250318174302157.png
data/images/NUC_20250318174308173.png,data/images/RAW_20250318174306936.png
data/images/NUC_20250318174313748.png,data/images/RAW_20250318174312562.png
data/images/NUC_20250318174317060.png,data/images/RAW_20250318174315858.png
data/images/NUC_20250318174323464.png,data/images/RAW_20250318174322234.png
data/images/NUC_20250318174330557.png,data/images/RAW_20250318174329370.png
data/images/NUC_20250318174336047.png,data/images/RAW_20250318174334857.png
data/images/NUC_20250318174342088.png,data/images/RAW_20250318174340874.png
data/images/NUC_20250318174345747.png,data/images/RAW_20250318174344554.png
data/images/NUC_20250318174349160.png,data/images/RAW_20250318174347954.png
data/images/NUC_20250318174355446.png,data/images/RAW_20250318174354255.png
data/images/NUC_20250318174400690.png,data/images/RAW_20250318174359467.png
data/images/NUC_20250318174407551.png,data/images/RAW_20250318174406377.png
data/images/NUC_20250318174421662.png,data/images/RAW_20250318174420468.png
data/images/NUC_20250318174427960.png,data/images/RAW_20250318174426750.png
data/images/NUC_20250318174430936.png,data/images/RAW_20250318174429746.png
data/images/NUC_20250318174434959.png,data/images/RAW_20250318174433768.png
data/images/NUC_20250318174443635.png,data/images/RAW_20250318174442447.png
data/images/NUC_20250318174449541.png,data/images/RAW_20250318174448344.png
data/images/NUC_20250318174521162.png,data/images/RAW_20250318174519969.png
data/images/NUC_20250318174525472.png,data/images/RAW_20250318174524273.png
data/images/NUC_20250318174529643.png,data/images/RAW_20250318174528448.png
data/images/NUC_20250318174535337.png,data/images/RAW_20250318174534144.png
data/images/NUC_20250318174559175.png,data/images/RAW_20250318174557963.png
data/images/NUC_20250318174606449.png,data/images/RAW_20250318174605245.png
data/images/NUC_20250318174616652.png,data/images/RAW_20250318174615456.png
data/images/NUC_20250318174622867.png,data/images/RAW_20250318174621663.png
data/images/NUC_20250318174644241.png,data/images/RAW_20250318174643052.png
data/images/NUC_20250318174649943.png,data/images/RAW_20250318174648760.png
data/images/NUC_20250318174654068.png,data/images/RAW_20250318174652851.png
data/images/NUC_20250318174657554.png,data/images/RAW_20250318174656356.png
data/images/NUC_20250318174700943.png,data/images/RAW_20250318174659748.png
data/images/NUC_20250318174705239.png,data/images/RAW_20250318174704038.png
data/images/NUC_20250318174708542.png,data/images/RAW_20250318174707342.png
data/images/NUC_20250318174715433.png,data/images/RAW_20250318174714235.png
data/images/NUC_20250318174812942.png,data/images/RAW_20250318174811751.png
data/images/NUC_20250318174823739.png,data/images/RAW_20250318174822545.png
data/images/NUC_20250318174829838.png,data/images/RAW_20250318174828639.png
data/images/NUC_20250318174838954.png,data/images/RAW_20250318174837754.png
data/images/NUC_20250318174842340.png,data/images/RAW_20250318174841145.png
data/images/NUC_20250318174846636.png,data/images/RAW_20250318174845457.png
data/images/NUC_20250318174852458.png,data/images/RAW_20250318174851270.png
data/images/NUC_20250318174857242.png,data/images/RAW_20250318174856040.png
data/images/NUC_20250318174901139.png,data/images/RAW_20250318174859946.png
data/images/NUC_20250318174906836.png,data/images/RAW_20250318174905646.png
data/images/NUC_20250318174917550.png,data/images/RAW_20250318174916366.png
data/images/NUC_20250318174929539.png,data/images/RAW_20250318174928337.png
data/images/NUC_20250318174934565.png,data/images/RAW_20250318174933364.png
data/images/NUC_20250318174937941.png,data/images/RAW_20250318174936759.png
data/images/NUC_20250318174941845.png,data/images/RAW_20250318174940665.png
data/images/NUC_20250318174947863.png,data/images/RAW_20250318174946661.png
data/images/NUC_20250318174953580.png,data/images/RAW_20250318174952360.png
data/images/NUC_20250318175004549.png,data/images/RAW_20250318175003355.png
data/images/NUC_20250318175013548.png,data/images/RAW_20250318175012360.png
data/images/NUC_20250318175023472.png,data/images/RAW_20250318175022247.png
data/images/NUC_20250318175027253.png,data/images/RAW_20250318175026061.png
data/images/NUC_20250318175031147.png,data/images/RAW_20250318175029962.png
data/images/NUC_20250318175034458.png,data/images/RAW_20250318175033264.png
data/images/NUC_20250318175039834.png,data/images/RAW_20250318175038649.png
data/images/NUC_20250318175053144.png,data/images/RAW_20250318175051952.png
data/images/NUC_20250318175103736.png,data/images/RAW_20250318175102533.png
data/images/NUC_20250318175109352.png,data/images/RAW_20250318175108182.png
data/images/NUC_20250318175121139.png,data/images/RAW_20250318175119945.png
data/images/NUC_20250318175132849.png,data/images/RAW_20250318175131654.png
data/images/NUC_20250318175137677.png,data/images/RAW_20250318175136438.png
data/images/NUC_20250318175144164.png,data/images/RAW_20250318175142957.png
data/images/NUC_20250318175150059.png,data/images/RAW_20250318175148874.png
data/images/NUC_20250318175209861.png,data/images/RAW_20250318175208654.png
data/images/NUC_20250318175218741.png,data/images/RAW_20250318175217551.png
data/images/NUC_20250318175230446.png,data/images/RAW_20250318175229259.png
data/images/NUC_20250318175235665.png,data/images/RAW_20250318175234471.png
data/images/NUC_20250318175241784.png,data/images/RAW_20250318175240559.png
data/images/NUC_20250318175249246.png,data/images/RAW_20250318175248047.png
data/images/NUC_20250318175257963.png,data/images/RAW_20250318175256776.png
data/images/NUC_20250318175307050.png,data/images/RAW_20250318175305850.png
data/images/NUC_20250318175312143.png,data/images/RAW_20250318175310955.png
data/images/NUC_20250318175317843.png,data/images/RAW_20250318175316643.png
data/images/NUC_20250318175324648.png,data/images/RAW_20250318175323455.png
data/images/NUC_20250318175330353.png,data/images/RAW_20250318175329153.png
data/images/NUC_20250318175336168.png,data/images/RAW_20250318175334966.png
data/images/NUC_20250318175342335.png,data/images/RAW_20250318175341139.png
data/images/NUC_20250318175351658.png,data/images/RAW_20250318175350458.png
data/images/NUC_20250318175400851.png,data/images/RAW_20250318175359667.png
data/images/NUC_20250318175405757.png,data/images/RAW_20250318175404556.png
data/images/NUC_20250318175413555.png,data/images/RAW_20250318175412367.png
data/images/NUC_20250318175420649.png,data/images/RAW_20250318175419454.png
data/images/NUC_20250318175426351.png,data/images/RAW_20250318175425160.png
data/images/NUC_20250318175431967.png,data/images/RAW_20250318175430780.png
data/images/NUC_20250318175438850.png,data/images/RAW_20250318175437654.png
data/images/NUC_20250318175446349.png,data/images/RAW_20250318175445149.png
data/images/NUC_20250318175452645.png,data/images/RAW_20250318175451437.png
data/images/NUC_20250318175503348.png,data/images/RAW_20250318175502158.png
data/images/NUC_20250318175510246.png,data/images/RAW_20250318175509040.png
data/images/NUC_20250318175518444.png,data/images/RAW_20250318175517247.png
data/images/NUC_20250318175527244.png,data/images/RAW_20250318175526046.png
data/images/NUC_20250318175547451.png,data/images/RAW_20250318175546250.png
data/images/NUC_20250318175553141.png,data/images/RAW_20250318175551948.png
data/images/NUC_20250318175603574.png,data/images/RAW_20250318175602342.png
data/images/NUC_20250318175614058.png,data/images/RAW_20250318175612850.png
data/images/NUC_20250318175624838.png,data/images/RAW_20250318175623646.png
data/images/NUC_20250318175632054.png,data/images/RAW_20250318175630858.png
data/images/NUC_20250318175636360.png,data/images/RAW_20250318175635157.png
data/images/NUC_20250318175640790.png,data/images/RAW_20250318175639541.png
data/images/NUC_20250318175645348.png,data/images/RAW_20250318175644168.png
data/images/NUC_20250318175648539.png,data/images/RAW_20250318175647348.png
data/images/NUC_20250318175651790.png,data/images/RAW_20250318175650570.png
data/images/NUC_20250318175656156.png,data/images/RAW_20250318175654954.png
data/images/NUC_20250318175705176.png,data/images/RAW_20250318175703951.png
data/images/NUC_20250318175711167.png,data/images/RAW_20250318175709964.png
data/images/NUC_20250318175722360.png,data/images/RAW_20250318175721154.png
data/images/NUC_20250318175741675.png,data/images/RAW_20250318175740438.png
data/images/NUC_20250318175755240.png,data/images/RAW_20250318175754063.png
data/images/NUC_20250318175801948.png,data/images/RAW_20250318175800752.png
data/images/NUC_20250318175813335.png,data/images/RAW_20250318175812138.png
data/images/NUC_20250318175822349.png,data/images/RAW_20250318175821096.png
data/images/NUC_20250318175847870.png,data/images/RAW_20250318175846636.png
data/images/NUC_20250318175852250.png,data/images/RAW_20250318175851060.png
data/images/NUC_20250318175858740.png,data/images/RAW_20250318175857552.png
data/images/NUC_20250318175904966.png,data/images/RAW_20250318175903753.png
data/images/NUC_20250318175907862.png,data/images/RAW_20250318175906678.png
data/images/NUC_20250318175911762.png,data/images/RAW_20250318175910532.png
data/images/NUC_20250318175914958.png,data/images/RAW_20250318175913759.png
data/images/NUC_20250318175919455.png,data/images/RAW_20250318175918264.png
data/images/NUC_20250318175928469.png,data/images/RAW_20250318175927264.png
data/images/NUC_20250318175939866.png,data/images/RAW_20250318175938648.png
data/images/NUC_20250318175948375.png,data/images/RAW_20250318175947138.png
data/images/NUC_20250318175952867.png,data/images/RAW_20250318175951644.png
data/images/NUC_20250318175959039.png,data/images/RAW_20250318175957858.png
data/images/NUC_20250318180004672.png,data/images/RAW_20250318180003464.png
data/images/NUC_20250318180009370.png,data/images/RAW_20250318180008165.png
data/images/NUC_20250318180012548.png,data/images/RAW_20250318180011347.png
data/images/NUC_20250318180127666.png,data/images/RAW_20250318180126466.png
data/images/NUC_20250318180208776.png,data/images/RAW_20250318180207540.png
data/images/NUC_20250318180214349.png,data/images/RAW_20250318180213145.png
data/images/NUC_20250318180224939.png,data/images/RAW_20250318180223745.png
data/images/NUC_20250318180235975.png,data/images/RAW_20250318180234741.png
data/images/NUC_20250318180245139.png,data/images/RAW_20250318180243947.png
data/images/NUC_20250318180257755.png,data/images/RAW_20250318180256568.png
data/images/NUC_20250318180311865.png,data/images/RAW_20250318180310668.png
data/images/NUC_20250318180323848.png,data/images/RAW_20250318180322571.png
data/images/NUC_20250318180332844.png,data/images/RAW_20250318180331664.png
data/images/NUC_20250318180337470.png,data/images/RAW_20250318180336231.png
data/images/NUC_20250318180345436.png,data/images/RAW_20250318180344236.png
data/images/NUC_20250318181139644.png,data/images/RAW_20250318181138450.png
data/images/NUC_20250318181151634.png,data/images/RAW_20250318181150437.png
data/images/NUC_20250318181158593.png,data/images/RAW_20250318181157373.png
data/images/NUC_20250318181206050.png,data/images/RAW_20250318181204860.png
data/images/NUC_20250318181220231.png,data/images/RAW_20250318181219040.png
data/images/NUC_20250318181303966.png,data/images/RAW_20250318181302766.png
data/images/NUC_20250318181311850.png,data/images/RAW_20250318181310661.png
data/images/NUC_20250318181321459.png,data/images/RAW_20250318181320265.png
data/images/NUC_20250318181328332.png,data/images/RAW_20250318181327146.png
data/images/NUC_20250318181343556.png,data/images/RAW_20250318181342363.png
data/images/NUC_20250318181414944.png,data/images/RAW_20250318181413668.png
data/images/NUC_20250318181425341.png,data/images/RAW_20250318181424143.png
data/images/NUC_20250318181431665.png,data/images/RAW_20250318181430475.png
data/images/NUC_20250318181440866.png,data/images/RAW_20250318181439634.png
data/images/NUC_20250318181455173.png,data/images/RAW_20250318181453969.png
data/images/NUC_20250318181508274.png,data/images/RAW_20250318181507034.png
data/images/NUC_20250318181514766.png,data/images/RAW_20250318181513572.png
data/images/NUC_20250318181522049.png,data/images/RAW_20250318181520862.png
data/images/NUC_20250318181532044.png,data/images/RAW_20250318181530861.png
data/images/NUC_20250318181538855.png,data/images/RAW_20250318181537669.png
data/images/NUC_20250318181550250.png,data/images/RAW_20250318181549062.png
data/images/NUC_20250318181603248.png,data/images/RAW_20250318181602058.png
data/images/NUC_20250318181608336.png,data/images/RAW_20250318181607145.png
data/images/NUC_20250318181613157.png,data/images/RAW_20250318181611957.png
data/images/NUC_20250318181618747.png,data/images/RAW_20250318181617535.png
data/images/NUC_20250318181624469.png,data/images/RAW_20250318181623234.png
data/images/NUC_20250318181629843.png,data/images/RAW_20250318181628577.png
data/images/NUC_20250318181808938.png,data/images/RAW_20250318181807676.png
data/images/NUC_20250318181829968.png,data/images/RAW_20250318181828734.png
data/images/NUC_20250318181834894.png,data/images/RAW_20250318181833641.png
data/images/NUC_20250318181954455.png,data/images/RAW_20250318181953248.png
data/images/NUC_20250318182002876.png,data/images/RAW_20250318182001663.png
data/images/NUC_20250318182009750.png,data/images/RAW_20250318182008558.png
data/images/NUC_20250318182026350.png,data/images/RAW_20250318182025159.png
data/images/NUC_20250318182031170.png,data/images/RAW_20250318182029946.png
data/images/NUC_20250318182036745.png,data/images/RAW_20250318182035555.png
data/images/NUC_20250318182042838.png,data/images/RAW_20250318182041648.png
data/images/NUC_20250318182047145.png,data/images/RAW_20250318182045955.png
data/images/NUC_20250318182056541.png,data/images/RAW_20250318182055351.png
data/images/NUC_20250318182110636.png,data/images/RAW_20250318182109447.png
data/images/NUC_20250318182118652.png,data/images/RAW_20250318182117455.png
data/images/NUC_20250318182126464.png,data/images/RAW_20250318182125261.png
data/images/NUC_20250318182130357.png,data/images/RAW_20250318182129156.png
data/images/NUC_20250318182153136.png,data/images/RAW_20250318182151953.png
data/images/NUC_20250318182159353.png,data/images/RAW_20250318182158166.png
data/images/NUC_20250318182204453.png,data/images/RAW_20250318182203250.png
data/images/NUC_20250318182209157.png,data/images/RAW_20250318182207954.png
data/images/NUC_20250318182212661.png,data/images/RAW_20250318182211460.png
data/images/NUC_20250318182216440.png,data/images/RAW_20250318182215184.png
data/images/NUC_20250318182223135.png,data/images/RAW_20250318182221947.png
data/images/NUC_20250318182226673.png,data/images/RAW_20250318182225456.png
data/images/NUC_20250318182229945.png,data/images/RAW_20250318182228743.png
data/images/NUC_20250318182233165.png,data/images/RAW_20250318182231934.png
data/images/NUC_20250318182239546.png,data/images/RAW_20250318182238351.png
data/images/NUC_20250318182254950.png,data/images/RAW_20250318182253761.png
data/images/NUC_20250318182304446.png,data/images/RAW_20250318182303240.png
data/images/NUC_20250318182308858.png,data/images/RAW_20250318182307658.png
data/images/NUC_20250318182315468.png,data/images/RAW_20250318182314276.png
data/images/NUC_20250318182322453.png,data/images/RAW_20250318182321241.png
data/images/NUC_20250318182326738.png,data/images/RAW_20250318182325538.png
data/images/NUC_20250318182332068.png,data/images/RAW_20250318182330772.png
data/images/NUC_20250318182338457.png,data/images/RAW_20250318182337249.png
data/images/NUC_20250318182346580.png,data/images/RAW_20250318182345346.png
data/images/NUC_20250318182352749.png,data/images/RAW_20250318182351548.png
data/images/NUC_20250318182402547.png,data/images/RAW_20250318182401347.png
data/images/NUC_20250318182415847.png,data/images/RAW_20250318182414658.png
data/images/NUC_20250318182419271.png,data/images/RAW_20250318182418032.png
data/images/NUC_20250318182422738.png,data/images/RAW_20250318182421475.png
data/images/NUC_20250318182425975.png,data/images/RAW_20250318182424771.png
data/images/NUC_20250318182432664.png,data/images/RAW_20250318182431467.png
data/images/NUC_20250318182436367.png,data/images/RAW_20250318182435168.png
data/images/NUC_20250318182442647.png,data/images/RAW_20250318182441462.png
data/images/NUC_20250318182446450.png,data/images/RAW_20250318182445246.png
data/images/NUC_20250318182458076.png,data/images/RAW_20250318182456838.png
data/images/NUC_20250318182503758.png,data/images/RAW_20250318182502533.png
data/images/NUC_20250318182511465.png,data/images/RAW_20250318182510266.png
data/images/NUC_20250318182515672.png,data/images/RAW_20250318182514481.png
data/images/NUC_20250318182521967.png,data/images/RAW_20250318182520680.png
data/images/NUC_20250318182526682.png,data/images/RAW_20250318182525471.png
data/images/NUC_20250318182535754.png,data/images/RAW_20250318182534493.png
data/images/NUC_20250318182606754.png,data/images/RAW_20250318182605539.png
data/images/NUC_20250318182614149.png,data/images/RAW_20250318182612949.png
data/images/NUC_20250318183040560.png,data/images/RAW_20250318183039374.png
data/images/NUC_20250318183100164.png,data/images/RAW_20250318183058962.png
data/images/NUC_20250318183105933.png,data/images/RAW_20250318183104743.png
data/images/NUC_20250318183110751.png,data/images/RAW_20250318183109566.png
data/images/NUC_20250318183114537.png,data/images/RAW_20250318183113340.png
data/images/NUC_20250318183118035.png,data/images/RAW_20250318183116846.png
data/images/NUC_20250318183121948.png,data/images/RAW_20250318183120745.png
data/images/NUC_20250318183125578.png,data/images/RAW_20250318183124344.png
data/images/NUC_20250318183137163.png,data/images/RAW_20250318183135961.png
data/images/NUC_20250318183143395.png,data/images/RAW_20250318183142140.png
data/images/NUC_20250318183150737.png,data/images/RAW_20250318183149549.png
data/images/NUC_20250318183155983.png,data/images/RAW_20250318183154780.png
data/images/NUC_20250318183159743.png,data/images/RAW_20250318183158549.png
data/images/NUC_20250318183210339.png,data/images/RAW_20250318183209145.png
data/images/NUC_20250318183213645.png,data/images/RAW_20250318183212374.png
data/images/NUC_20250318183217967.png,data/images/RAW_20250318183216750.png
data/images/NUC_20250318183221056.png,data/images/RAW_20250318183219859.png
data/images/NUC_20250318183224055.png,data/images/RAW_20250318183222850.png
data/images/NUC_20250318183227150.png,data/images/RAW_20250318183225972.png
data/images/NUC_20250318183230655.png,data/images/RAW_20250318183229380.png
data/images/NUC_20250318183240673.png,data/images/RAW_20250318183239376.png
data/images/NUC_20250318183250369.png,data/images/RAW_20250318183249174.png
data/images/NUC_20250318183254072.png,data/images/RAW_20250318183252839.png
data/images/NUC_20250318183258151.png,data/images/RAW_20250318183256948.png
data/images/NUC_20250318183304867.png,data/images/RAW_20250318183303677.png
data/images/NUC_20250318183315939.png,data/images/RAW_20250318183314739.png
data/images/NUC_20250318183320639.png,data/images/RAW_20250318183319441.png
data/images/NUC_20250318183324465.png,data/images/RAW_20250318183323271.png
data/images/NUC_20250318183328047.png,data/images/RAW_20250318183326850.png
data/images/NUC_20250318183333458.png,data/images/RAW_20250318183332265.png
data/images/NUC_20250318183336972.png,data/images/RAW_20250318183335780.png
data/images/NUC_20250318183342863.png,data/images/RAW_20250318183341676.png
data/images/NUC_20250318183346450.png,data/images/RAW_20250318183345250.png
data/images/NUC_20250318183350773.png,data/images/RAW_20250318183349550.png
data/images/NUC_20250318183358675.png,data/images/RAW_20250318183357441.png
data/images/NUC_20250318183401958.png,data/images/RAW_20250318183400771.png
data/images/NUC_20250318183406169.png,data/images/RAW_20250318183404973.png
data/images/NUC_20250318183411677.png,data/images/RAW_20250318183410463.png
data/images/NUC_20250318183415839.png,data/images/RAW_20250318183414646.png
data/images/NUC_20250318183419662.png,data/images/RAW_20250318183418468.png
data/images/NUC_20250318183422878.png,data/images/RAW_20250318183421652.png
data/images/NUC_20250318183426237.png,data/images/RAW_20250318183425038.png
data/images/NUC_20250318183429353.png,data/images/RAW_20250318183428074.png
data/images/NUC_20250318183433160.png,data/images/RAW_20250318183431975.png
data/images/NUC_20250318183437480.png,data/images/RAW_20250318183436165.png
data/images/NUC_20250318183440749.png,data/images/RAW_20250318183439544.png
data/images/NUC_20250318183443976.png,data/images/RAW_20250318183442767.png
data/images/NUC_20250318183449779.png,data/images/RAW_20250318183448554.png
data/images/NUC_20250318183505274.png,data/images/RAW_20250318183504075.png
data/images/NUC_20250318183519841.png,data/images/RAW_20250318183518652.png
data/images/NUC_20250318183523348.png,data/images/RAW_20250318183522160.png
data/images/NUC_20250318183528247.png,data/images/RAW_20250318183527067.png
data/images/NUC_20250318183531964.png,data/images/RAW_20250318183530756.png
data/images/NUC_20250318183535541.png,data/images/RAW_20250318183534344.png
data/images/NUC_20250318183540637.png,data/images/RAW_20250318183539383.png
data/images/NUC_20250318183543946.png,data/images/RAW_20250318183542756.png
data/images/NUC_20250318183547251.png,data/images/RAW_20250318183546058.png
data/images/NUC_20250318183550870.png,data/images/RAW_20250318183549643.png
data/images/NUC_20250318183554739.png,data/images/RAW_20250318183553564.png
data/images/NUC_20250318183557848.png,data/images/RAW_20250318183556652.png
data/images/NUC_20250318183601155.png,data/images/RAW_20250318183559879.png
data/images/NUC_20250318183609764.png,data/images/RAW_20250318183608565.png
data/images/NUC_20250318183613535.png,data/images/RAW_20250318183612344.png
data/images/NUC_20250318183617950.png,data/images/RAW_20250318183616761.png
data/images/NUC_20250318183621543.png,data/images/RAW_20250318183620375.png
data/images/NUC_20250318183624654.png,data/images/RAW_20250318183623456.png
data/images/NUC_20250318183630761.png,data/images/RAW_20250318183629546.png
data/images/NUC_20250318183634369.png,data/images/RAW_20250318183633147.png
data/images/NUC_20250318183639943.png,data/images/RAW_20250318183638756.png
data/images/NUC_20250318183645048.png,data/images/RAW_20250318183643863.png
data/images/NUC_20250318183648548.png,data/images/RAW_20250318183647273.png
data/images/NUC_20250318183700586.png,data/images/RAW_20250318183659338.png
data/images/NUC_20250318183705951.png,data/images/RAW_20250318183704765.png
data/images/NUC_20250318183712572.png,data/images/RAW_20250318183711370.png
data/images/NUC_20250318183716864.png,data/images/RAW_20250318183715671.png
data/images/NUC_20250318183721249.png,data/images/RAW_20250318183720049.png
